area,class,raw_points,subsampled_points,retention_fraction
Area_1,ibeam,359610,8308,0.023102805817413308
Area_1,pipe,22799721,282418,0.01238690596257735
Area_1,pump,1478449,33358,0.022562834429865352
Area_1,rectangularbeam,5821433,127557,0.021911615232881664
Area_1,tank,0,0,
Area_2,ibeam,467782,34567,0.07389553253438567
Area_2,pipe,5712622,151961,0.026600919857816603
Area_2,pump,279617,2551,0.009123193511124145
Area_2,rectangularbeam,2488327,124771,0.050142525479971084
Area_2,tank,5455825,95600,0.017522556167032483
Area_3,ibeam,3023003,52544,0.017381391947014276
Area_3,pipe,8408907,163071,0.019392651149548926
Area_3,pump,2455212,62375,0.025405138130638005
Area_3,rectangularbeam,9055639,201612,0.02226369668667225
Area_3,tank,1523331,53035,0.03481515179563732
Area_4,ibeam,656071,6423,0.009790098937462561
Area_4,pipe,3052706,39032,0.012786033112916867
Area_4,pump,836554,10284,0.012293288897070601
Area_4,rectangularbeam,7040629,89763,0.012749287031030893
Area_4,tank,0,0,
